timestamp,session_id,HR,HR_slope,PTT,PTT_slope,PPG,PPG_slope,Imp,Imp_slope,Temp,Temp_slope,label
2026-03-29 01:21:31.533,sess_1774727491286,86.54956139802412,0.8580417580322242,283.2055987713511,2.5,0.45482084304056325,0.0,77.12139027609692,1.0,32.6,0.0,0
2026-03-29 01:21:32.566,sess_1774727491286,73.58971870577531,-0.7663569307404924,324.2937245193671,2.5,0.10639918135519433,0.0,72.07753766285698,1.0,32.6,0.0,0
2026-03-29 01:21:33.844,sess_1774727491286,83.09638305109765,1.0,327.22503048208154,2.5,0.05909635933858584,0.0,71.84096301073919,0.4524500960509465,32.6,0.0,0
2026-03-29 01:21:35.266,sess_1774727491286,97.89387706205316,-1.0,374.6317434370327,2.5,0.02903120857293166,0.0,68.03292860145999,-1.0,32.6,0.0,0
2026-03-29 01:21:36.513,sess_1774727491286,90.66460414044482,1.0,258.6627251536159,-2.5,0.01507552636368664,0.0,72.55281916611472,-1.0,32.6,0.0,0
2026-03-29 01:21:38.346,sess_1774727491286,106.22479434115593,0.21260763261401083,192.5396767288154,0.10630381630700542,0.007998118143057635,0.0,74.63762427845904,1.0,32.6,0.0,0
2026-03-29 01:21:41.339,sess_1774727491286,98.15518232183243,1.0,198.0658078577825,-2.5,0.003287806142303574,0.0,69.30100377211849,-1.0,32.6,0.0,0
2026-03-29 01:21:44.380,sess_1774727491286,147.48510473543124,1.0,256.53212792290697,-2.5,0.00665359526294664,0.0,50.394961903484905,-1.0,32.6,0.0,0
2026-03-29 01:21:46.719,sess_1774727491286,118.7937276489691,-1.0,229.33763074826766,2.5,0.005786766910853268,0.0,63.955438092527025,0.5884083553986467,32.6,0.0,0
2026-03-29 01:21:48.705,sess_1774727491286,76.30312923685821,1.0,289.08075056291364,2.317720907774022,0.5717519243598749,0.0,90.34070979299052,-1.0,32.6,0.0,0
2026-03-29 01:21:49.698,sess_1774727491286,118.10374073772084,-1.0,296.3270798942494,2.5,0.7437951689544214,0.0,69.52886115291595,0.597442944198829,32.6,0.0,0
2026-03-29 01:21:50.741,sess_1774727491286,105.18984329471827,-1.0,311.88627282896704,2.5,0.26064798238474357,0.0,58.91983359258799,1.0,32.6,0.0,0
2026-03-29 01:21:53.411,sess_1774727491286,114.9610982219765,-1.0,328.29033211892863,0.7748505645339827,0.21150486573164232,0.0,66.58457977064482,1.0,32.6,0.0,0
2026-03-29 01:21:54.852,sess_1774727491286,149.4735197303454,-0.38178867996563903,260.6888618893832,-2.5,0.10477063711436076,0.0,89.49376937917891,1.0,32.6,0.0,0
2026-03-29 01:21:56.022,sess_1774727491286,144.0266355466854,1.0,187.93933857061478,-2.5,0.010776042265023447,0.0,88.0451411137244,-0.8590142811124234,32.6,0.0,0
2026-03-29 01:21:57.109,sess_1774727491286,165.1657385041866,1.0,179.82747839497173,-2.5,0.006687063109629697,0.0,83.92140146070577,-0.9615384615384615,32.6,0.0,0
2026-03-29 01:22:00.046,sess_1774727491286,167.8108968361901,1.0,216.923050169312,1.1442738628778488,0.005578869006920049,0.0,75.25885567205592,0.19071231047964146,32.6,0.0,0
2026-03-29 01:22:01.917,sess_1774727491286,128.1825026844943,1.0,286.2199414964841,-2.5,0.04867884807636435,0.0,78.89512943830034,-0.5881660981061052,32.6,0.0,0
2026-03-29 01:22:02.942,sess_1774727491286,196.85652507072714,1.0,308.24949727217717,-2.5,0.00803117087815476,0.0,71.92580943379008,-0.10484378276368211,32.6,0.0,0
2026-03-29 01:22:03.946,sess_1774727491286,96.71666447590376,-1.0,308.8932471732591,2.5,0.005632864259073955,0.0,76.80067832445036,-1.0,32.6,0.0,0
2026-03-29 01:22:05.251,sess_1774727491286,120.12541668038347,1.0,282.80605714588756,-1.3469309216855878,0.004872290813235871,0.0,89.4228611805897,-1.0,32.6,0.0,0
2026-03-29 01:22:06.254,sess_1774727491286,153.63530914823608,1.0,272.0670597770356,2.5,0.038858513991869195,0.0,81.3981592982081,-1.0,32.6,0.0,0
2026-03-29 01:22:07.401,sess_1774727491286,109.07543523107095,-1.0,296.4576332694691,2.5,0.08246598028091767,0.0,69.12389451255414,0.777302759424796,32.6,0.0,0
2026-03-29 01:22:08.422,sess_1774727491286,85.51590144003049,-1.0,364.4920874011869,2.5,0.04639950302729749,0.0,70.51503316342661,0.8356213441566193,32.6,0.0,0
2026-03-29 01:22:09.600,sess_1774727491286,76.22101716895693,-1.0,360.8805736691209,2.5,0.0627232525425889,0.0,83.69361888822606,0.7325240686479699,32.6,0.0,0
2026-03-29 01:22:12.479,sess_1774727491286,63.051070965701186,-1.0,359.2781258400365,2.5,0.13838123339387334,0.0,76.08472613555624,0.38520801232665636,32.6,0.0,0
2026-03-29 01:22:14.918,sess_1774727491286,84.54648994064937,1.0,187.21925312294096,-2.5,0.44841738359945976,0.0,91.0544541414355,-0.6699205665613934,32.6,0.0,0
2026-03-29 01:22:15.920,sess_1774727491286,105.68423567966765,-1.0,376.49306251417244,2.5,0.08761815925366442,0.0,83.78626885582709,1.0,32.6,0.0,0
2026-03-29 01:22:17.315,sess_1774727491286,99.12281770190812,1.0,318.6036006125826,1.7208413001912044,0.07808612237926062,0.0,100.34846910186181,1.0,32.6,0.0,0
2026-03-29 01:22:18.356,sess_1774727491286,119.35261036327456,1.0,307.35925599287555,-2.5,0.06263159451031888,0.0,93.38513983251057,1.0,32.6,0.0,0
2026-03-29 01:22:20.924,sess_1774727491286,104.69403332018666,1.0,312.05876512363096,-0.9467455621301776,0.06228378915822022,0.0,88.86087039969446,0.4733727810650888,32.6,0.0,0
2026-03-29 01:22:22.273,sess_1774727491286,101.77154260979546,1.0,289.56158913154985,-2.5,0.06266288229634255,0.0,89.08630703421237,1.0,32.6,0.0,0
2026-03-29 01:22:23.305,sess_1774727491286,90.80835331641164,1.0,276.8753363065545,2.5,0.04248555384724884,0.0,62.4934299473792,-1.0,32.6,0.0,0
2026-03-29 01:22:24.315,sess_1774727491286,90.24058684874856,-1.0,214.6804013262822,-2.5,0.036954211749929966,0.0,65.5321231470329,1.0,32.6,0.0,0
2026-03-29 01:22:25.557,sess_1774727491286,142.34722775749316,-0.09537434430138293,204.26977111467616,-2.5,0.023486445192057444,0.0,87.15557685319175,0.9537434430138293,32.6,0.0,0
2026-03-29 01:22:26.590,sess_1774727491286,134.68063142084193,0.7676806448517417,208.78898888141399,-2.2070818539487576,0.029648306327380986,0.0,80.32776687460013,-1.0,32.6,0.0,0
2026-03-29 01:22:27.640,sess_1774727491286,102.12750408041913,-1.0,320.3577121918837,2.5,0.03523097110663671,0.0,75.60420357295058,-1.0,32.6,0.0,0
2026-03-29 01:22:28.760,sess_1774727491286,93.78794340930243,0.0,199.4467127719952,-2.5,0.03363639276307807,0.0,79.41490359516621,0.19111323459149546,32.6,0.0,0
2026-03-29 01:22:29.888,sess_1774727491286,115.72775906973096,1.0,172.9313838991888,-2.5,0.031159546407186406,0.0,98.57059403907336,1.0,32.6,0.0,0
2026-03-29 01:22:30.920,sess_1774727491286,125.18343567279423,1.0,277.61300284581495,-0.8999100089991001,0.026989700502181555,0.0,87.36300109358001,-0.3999600039996001,32.6,0.0,0
2026-03-29 01:22:32.015,sess_1774727491286,113.73573636501202,-1.0,317.5536438648065,-0.7183908045977012,0.05089673412390971,0.0,81.13413128873562,0.0,32.7,0.0,0
2026-03-29 01:22:33.035,sess_1774727491286,135.93146865503343,-1.0,271.0731956615477,-2.5,0.08010501253282745,0.0,89.05142757788447,1.0,32.7,0.0,0
2026-03-29 01:22:34.173,sess_1774727491286,99.66263568661013,0.20161290322580647,312.71644009699355,2.5,0.07725175382781918,0.0,112.99404939387244,1.0,32.8,0.0,0
2026-03-29 01:22:35.302,sess_1774727491286,85.1273741368856,-1.0,310.7402041882669,2.5,0.08287525235786818,0.0,94.86065599171981,-1.0,32.8,0.0,0
2026-03-29 01:22:36.425,sess_1774727491286,85.67811697642414,-1.0,242.4040551510684,0.28979907264296756,0.05875252698831784,0.0,87.40547206852187,1.0,32.9,0.0,0
2026-03-29 01:22:40.324,sess_1774727491286,86.30723310800144,-1.0,218.916364106647,2.5,0.05837301322567877,0.0,94.33918597776236,0.9595087315294568,33.1,0.0,0
2026-03-29 01:22:41.542,sess_1774727491286,102.15786116937514,-1.0,338.7825164460193,2.2034872580954206,0.07122158541513719,0.0,104.69388740237183,1.0,33.2,0.0,0
2026-03-29 01:22:43.101,sess_1774727491286,85.47811870583364,-0.2860684657194622,215.06567688700457,-2.5,0.17743181059957908,0.0,87.04244298141224,-1.0,33.4,0.0,0
2026-03-29 01:22:44.512,sess_1774727491286,101.41453101677186,-0.774218523178167,159.35451559071262,-2.5,0.09973467005657682,0.0,83.60503760442852,-1.0,33.4,0.0,0
2026-03-29 01:22:45.552,sess_1774727491286,78.19551980251293,-0.47764615972487584,231.05566498209492,2.5,0.10046085670440386,0.0,90.74607452576606,1.0,33.5,0.0,0
2026-03-29 01:22:46.573,sess_1774727491286,79.35142308939257,-0.7887212856156955,335.54345263272296,2.5,0.0807318147330606,0.0,91.21847005926715,-1.0,33.6,0.0,0
2026-03-29 01:22:47.576,sess_1774727491286,80.03429470132134,-0.38819875776397517,367.69843898917964,2.5,0.06872547611819721,0.0,86.86205693610148,0.38819875776397517,33.6,0.0,0
2026-03-29 01:22:48.651,sess_1774727491286,83.72749549292895,-0.24003840614498317,310.5523995390557,-2.1603456553048486,0.053616400778357776,0.0,69.38934326188304,-1.0,33.7,0.0,0
2026-03-29 01:22:49.741,sess_1774727491286,78.55216458306714,-1.0,317.07465996858633,2.5,0.05582905064605124,0.0,87.66134526325602,-1.0,33.7,0.0,0
2026-03-29 01:22:50.763,sess_1774727491286,94.9257298320299,1.0,315.2868330651842,2.5,0.05209085875394931,0.0,93.6694417794682,-1.0,33.7,0.0,0
2026-03-29 01:22:51.914,sess_1774727491286,115.00511459982476,1.0,323.8667770140994,2.1229373733474866,0.0645039880670576,0.0,100.73277508036556,-1.0,33.9,0.0,0
2026-03-29 01:22:53.058,sess_1774727491286,95.99263126970317,-1.0,352.1225587348814,2.5,0.08523886776805067,0.0,86.87384559106044,1.0,33.9,0.0,0
2026-03-29 01:22:54.108,sess_1774727491286,112.96770316155121,1.0,323.6875891549961,2.5,0.07540139512552062,0.0,81.93641947264948,-0.19078508060669655,33.9,0.0,0
2026-03-29 01:22:55.126,sess_1774727491286,99.58940465271222,1.0,293.56945410653566,2.5,0.09397981127979048,0.0,84.25498271582936,-0.09553835865099837,33.9,0.0,0
2026-03-29 01:22:56.165,sess_1774727491286,124.07728581446003,1.0,243.49518105735166,-2.5,0.09330917409770886,0.0,89.26580077519635,-1.0,34.0,0.0,0
2026-03-29 01:22:57.222,sess_1774727491286,103.92412930887525,0.5799903334944417,236.85817520388156,-1.5466408893185113,0.11090144441249447,0.0,94.60939701982535,1.0,34.0,0.0,0
2026-03-29 01:22:58.249,sess_1774727491286,78.81849242445671,-1.0,276.52430850731423,-2.5,0.08143792636801842,0.0,102.6447607159729,1.0,34.1,0.0,0
2026-03-29 01:22:59.379,sess_1774727491286,77.46196513659211,1.0,244.91462735557334,-2.5,0.06124986662425147,0.0,106.03173391062094,1.0,34.1,0.0,0
2026-03-29 01:23:00.377,sess_1774727491286,93.39444096259533,1.0,234.78128781044956,-2.5,0.06314933533179296,0.0,94.61893892091662,-1.0,34.1,0.0,0
2026-03-29 01:23:01.475,sess_1774727491286,84.3835987846439,-1.0,232.12148280208794,-2.5,0.06439747102007044,0.0,77.00999117482372,-1.0,34.1,0.0,0
2026-03-29 01:23:02.681,sess_1774727491286,86.90371803473874,-1.0,224.9413713682119,-2.5,0.08925117199395904,0.0,79.92806349314073,1.0,34.1,0.0,0
2026-03-29 01:23:03.703,sess_1774727491286,84.49830005235027,-1.0,203.2396718289314,-2.5,0.12326167158607741,0.0,87.62212959080867,0.2869714941649129,34.1,0.0,0
2026-03-29 01:23:04.989,sess_1774727491286,86.69896623814489,-1.0,196.8826041798743,-2.5,0.1272473468084389,0.0,93.57829427400503,0.5758710048949035,34.1,0.0,0
2026-03-29 01:23:06.128,sess_1774727491286,118.94649647638408,-0.6769171260032879,297.8524022206673,2.5,0.124827863812478,0.0,85.21460752747191,-0.8703220191470845,34.1,0.0,0
2026-03-29 01:23:07.195,sess_1774727491286,131.4703687109826,1.0,309.9753160221423,-2.4087098949802486,0.11543898677236712,0.0,85.01756731253549,1.0,34.1,0.0,0
2026-03-29 01:23:08.524,sess_1774727491286,155.226182402512,1.0,256.13023202842453,2.5,0.10664393504801502,0.0,76.66675081219012,-1.0,34.1,0.0,0
2026-03-29 01:23:09.732,sess_1774727491286,126.28305539800485,1.0,309.8099813238023,2.5,0.10659086719118624,0.0,95.91939150606107,-1.0,34.1,0.0,0
2026-03-29 01:23:10.832,sess_1774727491286,115.1176347156337,1.0,334.7544250483123,2.5,0.09139936205095123,0.0,98.51161962368066,1.0,34.1,0.0,0
2026-03-29 01:23:11.864,sess_1774727491286,98.20163531702374,1.0,300.9501287110956,2.5,0.07311765803094761,0.0,85.43407058004833,1.0,34.1,0.0,0
2026-03-29 01:23:14.652,sess_1774727491286,94.47701797838927,0.4788813332056316,293.3260668754963,2.5,0.06000899543410474,0.0,93.46001255572634,-0.28732879992337895,34.0,0.0,0
2026-03-29 01:23:15.770,sess_1774727491286,166.33286299167193,0.19318072056408772,180.36653868330023,-2.5,0.06377700726101918,0.0,90.87056047542339,-0.28977108084613157,34.0,0.0,0
2026-03-29 01:23:16.863,sess_1774727491286,143.87960932543766,0.6721720760514692,187.6124456993645,-2.5,0.04948148251580329,0.0,81.76139168037821,0.3840983291722681,34.0,0.0,0
2026-03-29 01:23:18.010,sess_1774727491286,134.9036054848452,0.47901896915117836,189.70966923285386,2.395094845755892,0.03982330067861855,0.0,83.9141324658554,0.0,34.0,0.0,0
2026-03-29 01:23:20.962,sess_1774727491286,129.83515185705951,-1.0,252.79840081367482,-2.5,0.02303797073594573,0.0,85.71009300733945,-0.19051247856734618,34.0,0.0,0
2026-03-29 01:23:21.974,sess_1774727491286,82.15608368878385,-1.0,158.3617321385825,-2.5,0.04775582991248644,0.0,109.15960398232654,1.0,33.9,0.0,0
2026-03-29 01:23:23.000,sess_1774727491286,74.33850933761848,-1.0,152.47236552163267,-2.5,0.06831572579199534,0.0,96.80344668576468,-1.0,33.9,0.0,0
2026-03-29 01:23:24.033,sess_1774727491286,70.47012869219958,-1.0,176.13384109139022,-2.5,0.13156968292291535,0.0,97.76391262528429,0.0,33.9,0.0,0
2026-03-29 01:23:25.409,sess_1774727491286,69.27188958981651,-1.0,177.34170018852944,-2.191310975609756,0.17159144316756145,0.0,96.36692687176789,-0.5716463414634146,33.9,0.0,0
2026-03-29 01:23:26.494,sess_1774727491286,68.80392864307501,-1.0,182.84044516025003,2.107077866104779,0.1600322988508053,0.0,99.1618878410027,1.0,33.9,0.0,0
2026-03-29 01:23:27.732,sess_1774727491286,75.15983647601998,-1.0,214.80930208206442,-2.5,0.05072044099467376,0.0,82.99493029320429,1.0,33.9,0.0,0
2026-03-29 01:23:28.995,sess_1774727491286,79.73454409493637,-1.0,212.90007235113197,2.5,0.05785285785494684,0.0,92.31610600914438,0.286286859433152,33.9,0.0,0
2026-03-29 01:23:30.379,sess_1774727491286,94.8374862515381,1.0,288.10982125883163,1.5920186796858415,0.05174519403476756,0.0,89.15860479057051,0.7429420505200593,33.8,0.0,0
2026-03-29 01:23:31.408,sess_1774727491286,108.13399238953939,0.8610792192881745,306.5738314315098,1.4351320321469576,0.08019659116334953,0.0,93.8258836549844,-1.0,33.8,0.0,0
2026-03-29 01:23:32.432,sess_1774727491286,100.81811615594174,0.38127919168811364,326.8375154921403,2.5,0.05243283511604626,0.0,92.18871646522348,-1.0,33.8,0.0,0
2026-03-29 01:23:34.921,sess_1774727491286,107.22314476234989,1.0,333.07421420161063,2.5,0.07589253679959773,0.0,85.94189549920537,-0.8413082343043432,33.8,0.0,0
2026-03-29 01:23:36.238,sess_1774727491286,137.8786566684102,1.0,266.6719870480175,-2.5,0.11841607405479448,0.0,95.88796997431724,-1.0,33.7,0.0,0
2026-03-29 01:23:37.246,sess_1774727491286,132.6466410287668,0.7636502481863306,176.34007379172195,-2.5,0.11112920400599496,0.0,116.0894799665965,1.0,33.7,0.0,0
2026-03-29 01:23:38.276,sess_1774727491286,100.73996609328104,1.0,170.41322195423226,-0.3904343582235237,0.07913285227553499,0.0,92.11895910605723,-1.0,33.7,0.0,0
2026-03-29 01:23:39.284,sess_1774727491286,98.76936721065347,1.0,196.09175444274646,-2.5,0.06539586437797854,0.0,96.65839739685629,1.0,33.7,0.0,0
2026-03-29 01:23:40.421,sess_1774727491286,121.87237068315534,-1.0,247.7576914750536,-2.5,0.09285020444200473,0.0,91.55783973429565,-1.0,33.7,0.0,0
2026-03-29 01:23:41.651,sess_1774727491286,105.35173872312821,0.19542700801250734,235.00048148843467,2.5,0.05652594149886345,0.0,74.26392607933599,0.0,33.7,0.0,0
2026-03-29 01:23:42.666,sess_1774727491286,101.11573647139852,-1.0,309.06391032076294,-2.5,0.03932269592963898,0.0,88.78566011276568,-0.9768486861385172,33.7,0.0,0
2026-03-29 01:23:43.681,sess_1774727491286,68.63439731195508,-1.0,236.2664674607663,-2.5,0.034577850956510066,0.0,96.26059871088756,1.0,33.7,0.0,0
2026-03-29 01:23:44.834,sess_1774727491286,78.23340553923467,-1.0,226.57350259863165,-2.5,0.0345683223211608,0.0,107.28977819625867,1.0,33.7,0.0,0
2026-03-29 01:23:45.881,sess_1774727491286,70.50256630973944,-1.0,223.46616014631599,2.5,0.03238388550441202,0.0,94.61851198087274,0.6223420806970231,33.7,0.0,0
2026-03-29 01:23:46.989,sess_1774727491286,68.43526300152185,-1.0,205.71067412306093,1.6239969430645778,0.03155947063204368,0.0,100.1856887231219,-0.47764615972487584,33.7,0.0,0
2026-03-29 01:23:48.297,sess_1774727491286,64.22150862471975,-1.0,196.39532798874387,1.62136385312351,0.04017870696894754,0.0,86.31779012362257,-1.0,33.7,0.0,0
2026-03-29 01:23:51.489,sess_1774727491286,63.55607395745401,-1.0,299.08226757512165,2.5,0.033535913900330415,0.0,97.17212567283343,1.0,33.6,0.0,0
2026-03-29 01:23:54.152,sess_1774727491286,70.38113945616699,1.0,306.99314733322984,1.0516252390057361,0.03471297169225805,0.0,97.97938020210768,-1.0,33.6,0.0,0
2026-03-29 01:23:55.266,sess_1774727491286,102.83773381188638,1.0,244.19555580828805,2.5,0.02412334593694096,0.0,51.60311648900273,-1.0,33.6,0.0,0
2026-03-29 01:23:56.354,sess_1774727491286,89.04983132943158,1.0,295.95395916474246,2.5,0.026841769279266462,0.0,65.28858053106389,-1.0,33.6,0.0,0
2026-03-29 01:23:57.419,sess_1774727491286,85.2534147169314,1.0,282.39678212871604,2.5,0.1078201960367884,0.0,71.54195352591435,-1.0,33.6,0.0,0
2026-03-29 01:23:58.445,sess_1774727491286,83.27759869565986,1.0,243.56039116419328,2.1691973969631237,0.1360310931217882,0.0,92.75877447629013,1.0,33.6,0.0,0
2026-03-29 01:24:02.645,sess_1774727491286,84.57855327590315,1.0,233.60492650869105,2.5,0.10335076136938641,0.0,95.91428186046959,1.0,33.5,0.0,0
2026-03-29 01:24:03.669,sess_1774727491286,85.48238124166707,1.0,339.1555819059826,2.5,0.044799660370332686,0.0,93.18277957913818,1.0,33.5,0.0,0
2026-03-29 01:24:04.816,sess_1774727491286,85.23400401816005,1.0,308.48699664688843,2.5,0.029558243868564683,0.0,98.42670169145453,1.0,33.5,0.0,0
2026-03-29 01:24:05.822,sess_1774727491286,84.28107811862836,-0.09665571235260004,248.46063104234807,-2.5,0.009384935837826175,0.0,88.77874218835932,1.0,33.5,0.0,0
2026-03-29 01:24:06.843,sess_1774727491286,83.54847424610698,1.0,209.28310722785918,-2.5,0.016425198117931167,0.0,101.12830368451597,1.0,33.5,0.0,0
2026-03-29 01:24:07.877,sess_1774727491286,91.60496328409923,0.2868343053829238,173.7607662814035,-2.5,0.03077593374169231,0.0,106.58410828019163,1.0,33.5,0.0,0
2026-03-29 01:24:08.952,sess_1774727491286,94.50791978868679,1.0,218.55888108935483,2.5,0.07534696990325683,0.0,105.99942894107976,-1.0,33.5,0.0,0
2026-03-29 01:24:10.033,sess_1774727491286,126.57910583285476,1.0,236.19858094107076,-2.5,0.07336243982912106,0.0,104.7261714269066,-0.8120178643930166,33.5,0.0,0
2026-03-29 01:24:11.540,sess_1774727491286,96.91886369634473,-0.4500956453246315,232.55150720032478,-2.5,0.08336793190203463,0.0,92.048400458933,0.22504782266231574,33.4,0.0,0
2026-03-29 01:24:12.610,sess_1774727491286,94.08992057197096,0.5032712632108707,249.80054864907873,-2.5,0.13685955629940497,0.0,89.46829364781706,-1.0,33.4,0.0,0
2026-03-29 01:24:13.626,sess_1774727491286,95.04791029482399,1.0,266.71700002526165,-2.5,0.815274143313381,0.0,69.73399845548404,-1.0,33.4,0.0,0
2026-03-29 01:24:14.688,sess_1774727491286,97.24663508677298,1.0,282.7628471546147,-0.6067961165048543,0.5660579403969461,0.0,81.56097034000574,-1.0,33.4,0.0,0
2026-03-29 01:24:15.715,sess_1774727491286,127.4177047077046,1.0,264.6910391188488,2.5,0.2715440202122441,0.0,91.30043294992993,1.0,33.4,0.0,0
2026-03-29 01:24:16.776,sess_1774727491286,165.39449535973026,1.0,232.43775427970272,2.5,0.1305713661810537,0.0,99.816567416406,-0.8620689655172414,33.4,0.0,0
2026-03-29 01:24:17.902,sess_1774727491286,116.20695963826698,-1.0,229.46388594515489,2.5,0.057047224495846566,0.0,94.62544962707311,-1.0,33.4,0.0,0
2026-03-29 01:24:18.987,sess_1774727491286,96.20571266688368,-0.6892477353288696,282.78114772075924,-2.5,0.034160935592552455,0.0,101.33075344723348,-0.6892477353288696,33.4,0.0,0
2026-03-29 01:24:20.044,sess_1774727491286,113.82570577372377,-1.0,204.85292000029938,-2.5,0.014044784882964175,0.0,101.32730616354388,0.38692203520990526,33.4,0.0,0
2026-03-29 01:24:21.186,sess_1774727491286,98.78102011139305,-1.0,173.17915414622973,-2.5,0.009503063522987363,0.0,109.51435640791661,1.0,33.4,0.0,0
2026-03-29 01:24:22.182,sess_1774727491286,72.3599245900157,-1.0,173.53340869634772,-1.8107309634994757,0.006111553581719926,0.0,112.42182478572934,1.0,33.4,0.0,0
2026-03-29 01:24:23.330,sess_1774727491286,64.35166020695208,-1.0,228.6969270458981,-0.09581297307655458,0.006102288529361673,0.0,102.28102450905004,1.0,33.4,0.0,0
2026-03-29 01:24:24.331,sess_1774727491286,71.2953145060076,-1.0,269.788102047806,1.2497596616035378,0.01434953358649925,0.0,93.11076668212816,1.0,33.4,0.0,0
2026-03-29 01:24:25.393,sess_1774727491286,78.94762134276135,-1.0,233.86852321366035,-2.5,0.008290949230868474,0.0,100.66421656590396,1.0,33.4,0.0,0
2026-03-29 01:24:26.512,sess_1774727491286,84.2976590834269,-1.0,180.09653151403361,-2.5,0.005949664615181777,0.0,102.7454719587794,-0.5817335660267597,33.4,0.0,0
2026-03-29 01:24:27.854,sess_1774727491286,89.27804240928859,-1.0,234.7752071583324,2.5,0.0038016683173330247,0.0,109.99719530451218,1.0,33.4,0.0,0
2026-03-29 01:24:28.886,sess_1774727491286,91.21291284043906,1.0,254.7896489419142,-2.5,0.003624894771008603,0.0,92.62877962341824,-1.0,33.4,0.0,0
2026-03-29 01:24:30.011,sess_1774727491286,93.62588418663269,-1.0,239.7504549923959,2.5,0.0043166890286196625,0.0,98.41989804300034,1.0,33.4,0.0,0
2026-03-29 01:24:31.084,sess_1774727491286,130.7012830560549,1.0,230.40808082400468,2.5,0.005591442080652797,0.0,98.97668875996877,-1.0,33.4,0.0,0
2026-03-29 01:24:32.268,sess_1774727491286,111.59157685735967,1.0,284.5425933143976,2.5,0.010145621292335205,0.0,109.01343005101144,-1.0,33.4,0.0,0
2026-03-29 01:24:33.289,sess_1774727491286,94.72341973006613,0.581170089112747,357.8943747161004,2.5,0.006868601812697923,0.0,112.72022766821121,1.0,33.3,0.0,0
2026-03-29 01:24:34.306,sess_1774727491286,77.61933355731287,-0.3819344982335529,313.17692272278856,2.5,0.004927360254347798,0.0,99.471536202056,-0.3819344982335529,33.3,0.0,0
2026-03-29 01:24:35.458,sess_1774727491286,71.85170601755459,-1.0,251.74759358839742,-2.5,0.004662663761353986,0.0,107.75522867172626,0.2895752895752896,33.3,0.0,0
2026-03-29 01:24:36.560,sess_1774727491286,87.03244354101923,1.0,295.2129518097484,2.5,0.0030711486919977227,0.0,117.68119790897765,1.0,33.3,0.0,0
2026-03-29 01:24:37.566,sess_1774727491286,90.66725725293139,1.0,309.0158819224385,2.418496662474606,0.007858291598939408,0.0,97.73715008806032,-1.0,33.3,0.0,0
2026-03-29 01:24:38.611,sess_1774727491286,94.96902541838345,-1.0,277.75163744138905,-0.678228853793237,0.006557155511068761,0.0,98.25698124760663,1.0,33.3,0.0,0
2026-03-29 01:24:39.773,sess_1774727491286,115.12009554411195,1.0,301.1761361813205,2.5,0.004521859281957893,0.0,101.47836468118453,1.0,33.2,0.0,0
2026-03-29 01:24:40.765,sess_1774727491286,97.58586695562958,-1.0,303.75547649060456,2.5,0.004511704319117018,0.0,117.26327757692516,1.0,33.3,0.0,0
2026-03-29 01:24:44.644,sess_1774727491286,95.28987796567735,1.0,261.9951516706226,2.5,0.029760353655055867,0.0,111.98377104186224,-0.6706265568116497,33.2,0.0,0
2026-03-29 01:24:45.647,sess_1774727491286,91.48630980966742,0.8641382621219396,300.238294283347,2.5,0.06274782830085152,0.0,121.2866056980238,-0.09601536245799329,33.2,0.0,0
2026-03-29 01:24:46.777,sess_1774727491286,86.22656412192603,-0.7820901358881611,256.6127535578219,-2.5,0.05099240885802955,0.0,108.28662971781353,-1.0,33.2,0.0,0
2026-03-29 01:24:49.752,sess_1774727491286,113.49288122869125,1.0,231.2944322786974,-2.5,0.048555466057503556,0.0,101.19877647545222,-1.0,33.2,0.0,0
2026-03-29 01:24:50.975,sess_1774727491286,91.861947502391,1.0,282.32877054261047,-2.5,0.011758833856596056,0.0,100.52775914622438,-1.0,33.2,0.0,0
2026-03-29 01:24:52.035,sess_1774727491286,93.44480646155229,-1.0,297.89685005951264,0.6749460043196543,0.01034563858122494,0.0,89.53854581306665,-0.5399568034557235,33.2,0.0,0
2026-03-29 01:24:53.051,sess_1774727491286,111.89119980456076,-0.7129277566539923,300.6846241392971,0.594106463878327,0.008922633361920288,0.0,94.59023900490897,1.0,33.2,0.0,0
2026-03-29 01:24:54.079,sess_1774727491286,99.64042867542794,-1.0,299.1883518865804,0.0,0.006583501376843054,0.0,107.36999550627121,1.0,33.2,0.0,0
2026-03-29 01:24:55.091,sess_1774727491286,94.31792316123926,-1.0,310.6052437103097,2.1996939556235655,0.006455558599689764,0.0,113.66841561098379,1.0,33.2,0.0,0
2026-03-29 01:24:56.255,sess_1774727491286,86.8501755117533,0.3857280617164899,316.4567722159284,-0.19286403085824494,0.008502015517777729,0.0,111.63044515516872,1.0,33.2,0.0,0
2026-03-29 01:24:57.342,sess_1774727491286,82.67999191310541,-1.0,318.8641223538651,2.5,0.008974008665904983,0.0,117.38069733388376,1.0,33.2,0.0,0
2026-03-29 01:24:58.365,sess_1774727491286,78.95227395914416,-1.0,270.5654792959509,0.23228803716608595,0.00887074613941721,0.0,97.94613412757397,-0.34843205574912894,33.2,0.0,0
2026-03-29 01:24:59.496,sess_1774727491286,76.00489359940653,-1.0,221.0920882015211,-2.5,0.010687123428127878,0.0,92.06491551563347,1.0,33.2,0.0,0
2026-03-29 01:25:00.502,sess_1774727491286,79.61171186003651,1.0,210.37713111464797,-2.5,0.013448793565031845,0.0,108.48186854442253,1.0,33.2,0.0,0
2026-03-29 01:25:01.727,sess_1774727491286,73.9687826964369,-1.0,245.83801710479034,-2.5,0.016590707570894682,0.0,116.56221207506151,1.0,33.2,0.0,0
2026-03-29 01:25:02.755,sess_1774727491286,71.40165051048491,-1.0,255.80128238943072,-2.5,0.013952467289968913,0.0,112.85130070109491,1.0,33.2,0.0,0
2026-03-29 01:25:03.795,sess_1774727491286,123.11723901492887,1.0,198.3511889877947,-2.5,0.011489657852143533,0.0,109.74206429063379,0.5735041101127891,33.2,0.0,0
2026-03-29 01:25:05.019,sess_1774727491286,104.15330475043675,-1.0,206.95553428788955,2.5,0.013163912258601015,0.0,101.80658268777513,-1.0,33.2,0.0,0
2026-03-29 01:25:06.127,sess_1774727491286,94.07801215897742,1.0,294.55302385858374,2.5,0.010425764434380305,0.0,95.09438866690525,0.48374613003095973,33.2,0.0,0
2026-03-29 01:25:07.165,sess_1774727491286,115.11650276904666,1.0,339.7539863033349,-2.5,0.011403407009094355,0.0,90.36950542134699,-1.0,33.2,0.0,0
2026-03-29 01:25:08.194,sess_1774727491286,121.34668698245245,1.0,308.8560937722157,2.5,0.010882024024320114,0.0,87.87470669693182,1.0,33.2,0.0,0
2026-03-29 01:25:09.208,sess_1774727491286,143.63431402222682,1.0,306.77186288014553,2.5,0.009539149630902053,0.0,102.44487920760993,0.9577626664112632,33.2,0.0,0
2026-03-29 01:25:10.232,sess_1774727491286,127.49227934988572,0.8583690987124464,299.4532124374818,2.5,0.008901536697096597,0.0,109.55578107710618,0.38149737720553173,33.1,0.0,0
2026-03-29 01:25:11.343,sess_1774727491286,98.96668414635367,-0.684596577017115,220.7635418287017,-2.5,0.009320388404268572,0.0,104.67062989149896,-1.0,33.1,0.0,0
2026-03-29 01:25:14.007,sess_1774727491286,85.24873181025751,-1.0,185.84851694071085,-0.5760921747479597,0.009479676148836552,0.0,89.74807579557938,-1.0,33.1,0.0,0
2026-03-29 01:25:15.439,sess_1774727491286,79.21135204835417,1.0,329.18673360040253,-2.5,0.005770803992497307,0.0,96.77846120570308,1.0,33.1,0.0,0
2026-03-29 01:25:16.606,sess_1774727491286,77.46742024076536,-1.0,275.2564369061179,-2.5,0.00664302028169646,0.0,94.76215230485082,1.0,33.1,0.0,0
2026-03-29 01:25:17.837,sess_1774727491286,118.81963829949353,1.0,223.75624377781247,-2.5,0.0054457089866352905,0.0,100.88309414913039,1.0,33.1,0.0,0
2026-03-29 01:25:19.029,sess_1774727491286,101.05191697798344,-1.0,187.06115534977314,-2.5,0.006181535192553938,0.0,95.57448093975253,-1.0,33.1,0.0,0
2026-03-29 01:25:20.072,sess_1774727491286,85.40734581546911,-1.0,192.3817093824198,-2.5,0.0074783192442660585,0.0,97.67877195816345,0.19402405898331393,33.1,0.0,0
2026-03-29 01:25:21.254,sess_1774727491286,77.58355038373489,-1.0,211.14620881051076,2.5,0.0077065817117428,0.0,106.62841784029874,1.0,33.1,0.0,0
2026-03-29 01:25:22.407,sess_1774727491286,97.52989778211602,0.4761337935960005,260.1625095409852,2.5,0.009624612928853672,0.0,104.4597471950227,1.0,33.1,0.0,0
2026-03-29 01:25:23.505,sess_1774727491286,86.48565582474181,-1.0,217.38268251437316,2.5,0.009000941127570633,0.0,100.48356798821958,1.0,33.1,0.0,0
2026-03-29 01:25:24.558,sess_1774727491286,80.04353325409875,-0.47934042757166145,219.82230024775632,2.5,0.010006879938399538,0.0,109.59887513014942,0.2876042565429969,33.1,0.0,0
2026-03-29 01:25:25.579,sess_1774727491286,76.53608048051856,0.591657627452914,285.85346411286855,2.5,0.010344548953208691,0.0,99.16614976421735,0.8874864411793709,33.1,0.0,0
2026-03-29 01:25:26.824,sess_1774727491286,79.7926060607235,0.0,280.93502298437375,1.665197374865315,0.008463982606596167,0.0,105.46109094941639,-1.0,33.1,0.0,0
2026-03-29 01:25:27.838,sess_1774727491286,93.43542429312258,-1.0,278.1896959154762,2.5,0.007687407089368972,0.0,101.2450188163017,0.19215987701767873,33.1,0.0,0
2026-03-29 01:25:28.955,sess_1774727491286,109.33159072645363,-1.0,260.9966713896839,-0.3822264691829909,0.010221399851894882,0.0,101.52998305289067,-0.19111323459149546,33.1,0.0,0
2026-03-29 01:25:30.027,sess_1774727491286,86.89978493070609,1.0,184.96523725664832,-1.9074868860276586,0.009519441393885643,0.0,90.5373295797533,0.7629947544110635,33.1,0.0,0
2026-03-29 01:25:31.083,sess_1774727491286,87.93631227211985,-0.9531071292413267,305.4269504054869,2.5,0.010107190008427181,0.0,83.0835053536872,-1.0,33.1,0.0,0
2026-03-29 01:25:32.253,sess_1774727491286,84.85601960271939,-0.38197097020626436,272.2807227842377,-2.5,0.015215274148741695,0.0,82.2000988961097,-1.0,33.1,0.0,0
2026-03-29 01:25:33.275,sess_1774727491286,134.72689854010497,1.0,300.93121841153516,2.5,0.013824484257993293,0.0,100.26195825273311,-0.47920260686218136,33.1,0.0,0
2026-03-29 01:25:34.301,sess_1774727491286,148.73835895940465,1.0,334.3864900572266,2.5,0.015329173738552214,0.0,96.19168592813224,-1.0,33.1,0.0,0
2026-03-29 01:25:35.314,sess_1774727491286,128.85695114783843,1.0,291.4412252415847,-2.5,0.018272471040839844,0.0,109.33339066791027,1.0,33.1,0.0,0
2026-03-29 01:25:36.384,sess_1774727491286,149.5066155491982,1.0,285.4828424514881,-0.47874377633090764,0.021231631388772248,0.0,105.4112435439304,-1.0,33.1,0.0,0
2026-03-29 01:25:37.379,sess_1774727491286,120.84367309621742,-1.0,275.1868896152295,-1.523954662348795,0.01500045153726378,0.0,84.31102191642798,-1.0,33.1,0.0,0
2026-03-29 01:25:38.482,sess_1774727491286,142.98891686591588,0.7635044855888529,210.08656368102402,-2.5,0.0108348165688735,0.0,94.27338354411012,0.7635044855888529,33.0,0.0,0
2026-03-29 01:25:39.513,sess_1774727491286,150.46076365795938,1.0,295.5973686468761,2.5,0.011674921276960832,0.0,103.04738541774232,1.0,33.0,0.0,0
2026-03-29 01:25:40.845,sess_1774727491286,170.61260537930332,1.0,286.6065232873834,-2.5,0.010485616454514408,0.0,99.34255494174681,-0.3833620854897451,33.0,0.0,0
2026-03-29 01:25:42.036,sess_1774727491286,114.09874587635625,0.0,281.2707172287534,2.21026330962906,0.01005192216527442,0.0,100.99014774819787,1.0,33.0,0.0,0
2026-03-29 01:25:43.095,sess_1774727491286,120.77674432779673,-1.0,297.9488626294094,2.5,0.01198574883962284,0.0,98.41372506946017,-1.0,33.0,0.0,0
2026-03-29 01:25:44.146,sess_1774727491286,118.59676051713646,-1.0,291.8977349248264,-2.5,0.013655249349078004,0.0,97.70304488142382,0.0952925481227368,33.0,0.0,0
2026-03-29 01:25:45.258,sess_1774727491286,82.83798485797824,-1.0,230.34941707519147,-2.5,0.014626735459151923,0.0,95.72548725159957,-0.7623403849818944,33.0,0.0,0
2026-03-29 01:25:46.481,sess_1774727491286,52.78427367790142,-1.0,210.45245701833116,-2.5,0.0140957544845092,0.0,92.46386757866,1.0,33.0,0.0,0
2026-03-29 01:25:47.498,sess_1774727491286,43.793791783878916,0.29078220412910727,205.3890869714777,-2.5,0.012909137573101848,0.0,108.07357125130862,1.0,33.0,0.0,0
2026-03-29 01:25:48.517,sess_1774727491286,44.2938062648664,-1.0,225.42755058126914,2.5,0.013007326645540912,0.0,96.7196936425529,1.0,33.0,0.0,0
2026-03-29 01:25:49.650,sess_1774727491286,80.01144485877654,-1.0,244.30353556496743,-2.5,0.016750059811849616,0.0,97.78071632363411,-1.0,33.0,0.0,0
2026-03-29 01:25:50.787,sess_1774727491286,137.3316982911575,-1.0,193.46284585701474,-2.5,0.014121768565377425,0.0,88.26541601627305,0.0,33.0,0.0,0
2026-03-29 01:25:51.892,sess_1774727491286,127.93599979784676,1.0,201.24035627828215,-2.5,0.013848353808152747,0.0,91.0797603501015,-1.0,33.0,0.0,0
2026-03-29 01:25:52.927,sess_1774727491286,112.5615722275722,1.0,231.3365943445593,0.2900512423861549,0.013598704076888391,0.0,86.64557145155145,-1.0,33.0,0.0,0
2026-03-29 01:25:54.149,sess_1774727491286,132.1499881166942,-1.0,269.16652690963764,1.726121979286536,0.013592970893325645,0.0,88.95734314775396,1.0,33.0,0.0,0
2026-03-29 01:25:55.393,sess_1774727491286,107.71124864744147,1.0,257.7055895549698,2.5,0.012723590051454993,0.0,92.06884246967594,1.0,33.0,0.0,0
2026-03-29 01:25:59.074,sess_1774727491286,121.52527045919607,1.0,247.83153838451233,-2.198642577191473,0.013656828012570232,0.0,96.2987919072982,-0.8603383997705764,33.0,0.0,0
2026-03-29 01:26:00.609,sess_1774727491286,87.25091811720075,-1.0,293.86866007435606,-1.438986953184958,0.012138129011727075,0.0,87.19842346831713,-1.0,32.9,0.0,0
2026-03-29 01:26:01.627,sess_1774727491286,148.6295871248984,0.5804953560371516,172.85969453963628,-1.4512383900928791,0.01802643608565836,0.0,76.24581631194357,-1.0,32.9,0.0,0
2026-03-29 01:26:02.732,sess_1774727491286,119.68027713410716,1.0,252.11764281983804,2.5,0.017995021108036677,0.0,80.56285897551402,0.9597850081581725,33.0,0.0,0
2026-03-29 01:26:03.931,sess_1774727491286,149.81086208145044,-0.8598452278589853,257.47309688639075,-2.5,0.01872502481140851,0.0,79.86647166335824,-0.8598452278589853,32.9,0.0,0
2026-03-29 01:26:05.107,sess_1774727491286,112.97176468947143,1.0,232.60237650747027,-0.8589425462874595,0.01741625231971978,0.0,89.19597674416757,1.0,32.9,0.0,0
2026-03-29 01:26:06.236,sess_1774727491286,99.27395201345004,0.6752845842176346,248.8291987405573,2.5,0.04819521193472581,0.0,92.01059621778866,-0.2894076789504148,33.0,0.0,0
2026-03-29 01:26:07.264,sess_1774727491286,106.97450903701639,-1.0,275.9649104708011,2.5,0.05226823110690012,0.0,100.37978053082365,0.9764433052605883,32.9,0.0,0
2026-03-29 01:26:08.398,sess_1774727491286,95.60607603376586,-1.0,266.378448690744,-1.8218840424391813,0.0463725762069139,0.0,113.25364486097608,1.0,32.9,0.0,0
2026-03-29 01:26:09.427,sess_1774727491286,85.80946484068761,-1.0,218.35807627465505,-2.5,0.03413479384478069,0.0,104.7588744919267,0.48248576666988324,32.9,0.0,0
2026-03-29 01:26:10.554,sess_1774727491286,81.09304731366278,1.0,219.22542116854297,2.5,0.0324459269756641,0.0,98.5621018970503,1.0,32.9,0.0,0
2026-03-29 01:26:11.849,sess_1774727491286,112.45051691920636,-1.0,262.8500454245429,2.5,0.04048919244497008,0.0,95.93538071336548,0.9538344143456696,32.9,0.0,0
2026-03-29 01:26:15.874,sess_1774727491286,87.13169179905317,-1.0,262.2264913484938,2.5,0.030412851006939363,0.0,93.04714268818071,-0.38178867996563903,32.9,0.0,0
2026-03-29 01:26:17.093,sess_1774727491286,90.53656549099321,-1.0,282.05375640562846,-2.5,0.01769109120286156,0.0,108.58784394426247,0.09594166746618056,32.9,0.0,0
2026-03-29 01:26:18.111,sess_1774727491286,85.5020621186263,-1.0,247.06846493058657,2.5,0.01650015127994596,0.0,99.98762277110917,-1.0,32.9,0.0,0
2026-03-29 01:26:19.123,sess_1774727491286,81.22144685289302,-0.5714829983807982,266.85291602715927,2.2859319935231928,0.018239856206729185,0.0,83.14530689946996,-1.0,32.9,0.0,0
2026-03-29 01:26:22.929,sess_1774727491286,82.22326357855347,0.8638894221539644,258.665853997367,0.5759262814359762,0.018398692691511516,0.0,95.7189553182377,-1.0,32.9,0.0,0
2026-03-29 01:26:23.930,sess_1774727491286,66.32510990479923,-1.0,220.6649680048199,-2.5,0.0798342516847081,0.0,69.37814377266241,-1.0,32.9,0.0,0
2026-03-29 01:26:25.380,sess_1774727491286,104.32560621363788,1.0,240.9978644442853,-2.5,0.22513600649461568,0.0,74.84316100537305,-0.3152916447714135,32.9,0.0,0
2026-03-29 01:26:28.557,sess_1774727491286,144.5999520044088,1.0,167.91515035874647,-2.5,0.1366901151779861,0.0,80.52070299855004,-0.9578544061302683,32.9,0.0,0
2026-03-29 01:26:29.561,sess_1774727491286,168.86097266334133,1.0,198.05251530564456,-2.5,0.09413383911850266,0.0,96.09551772955501,1.0,32.9,0.0,0
2026-03-29 01:26:31.112,sess_1774727491286,147.3976175538625,1.0,199.40555370021167,0.3663898387884709,0.1154493985949762,0.0,104.67247115293527,1.0,32.9,0.0,0
